{"cameraMode":{"drawMode":0,"name":"Shaded","section":"Shading Mode"},"sceneLighting":true,"audioPlay":false,"sceneViewState":{"showFog":true,"showMaterialUpdate":true,"showSkybox":true,"showFlares":true,"showImageEffects":true,"showParticleSystems":true},"in2DMode":false,"pivot":{"x":20.17422103881836,"y":-32.23703384399414,"z":26.964046478271486},"rotation":{"x":-0.2713468372821808,"y":-0.313929945230484,"z":0.09412731230258942,"w":-0.9049739241600037},"size":45.600303649902347,"orthographic":false}